city,genre,year,decade,id,title,release_date,net,budget,revenue,vote_average
San Francisco,Comedy,1994,1990,tt0109830,Forrest Gump,1994-07-06,622387716,55000000,677387716,8.4
San Francisco,Drama,1994,1990,tt0109830,Forrest Gump,1994-07-06,622387716,55000000,677387716,8.4
San Francisco,Romance,1994,1990,tt0109830,Forrest Gump,1994-07-06,622387716,55000000,677387716,8.4
San Francisco,Adventure,1989,1980,tt0097576,Indiana Jones and the Last Crusade,1989-05-24,426171806,48000000,474171806,7.8
San Francisco,Action,1989,1980,tt0097576,Indiana Jones and the Last Crusade,1989-05-24,426171806,48000000,474171806,7.8
San Francisco,Romance,1990,1990,tt0100405,Pretty Woman,1990-03-23,449000000,14000000,463000000,7.3
San Francisco,Comedy,1990,1990,tt0100405,Pretty Woman,1990-03-23,449000000,14000000,463000000,7.3
San Francisco,Science Fiction,1986,1980,tt0092007,Star Trek IV: The Voyage Home,1986-11-26,109000000,24000000,133000000,7.2
San Francisco,Adventure,1986,1980,tt0092007,Star Trek IV: The Voyage Home,1986-11-26,109000000,24000000,133000000,7.2
San Francisco,Science Fiction,1991,1990,tt0102975,Star Trek VI: The Undiscovered Country,1991-12-06,69900000,27000000,96900000,6.9
San Francisco,Action,1991,1990,tt0102975,Star Trek VI: The Undiscovered Country,1991-12-06,69900000,27000000,96900000,6.9
San Francisco,Adventure,1991,1990,tt0102975,Star Trek VI: The Undiscovered Country,1991-12-06,69900000,27000000,96900000,6.9
San Francisco,Thriller,1991,1990,tt0102975,Star Trek VI: The Undiscovered Country,1991-12-06,69900000,27000000,96900000,6.9
San Francisco,Comedy,1971,1970,tt0067185,Harold and Maude,1971-12-20,-1200000,1200000,0,7.7
San Francisco,Drama,1971,1970,tt0067185,Harold and Maude,1971-12-20,-1200000,1200000,0,7.7
San Francisco,Romance,1971,1970,tt0067185,Harold and Maude,1971-12-20,-1200000,1200000,0,7.7
San Francisco,Thriller,1992,1990,tt0103772,Basic Instinct,1992-03-20,303927224,49000000,352927224,6.8
San Francisco,Mystery,1992,1990,tt0103772,Basic Instinct,1992-03-20,303927224,49000000,352927224,6.8
San Francisco,Mystery,1958,1950,tt0052357,Vertigo,1958-05-09,25521000,2479000,28000000,8.2
San Francisco,Romance,1958,1950,tt0052357,Vertigo,1958-05-09,25521000,2479000,28000000,8.2
San Francisco,Thriller,1958,1950,tt0052357,Vertigo,1958-05-09,25521000,2479000,28000000,8.2
San Francisco,Mystery,1964,1960,tt0058329,Marnie,1964-07-09,4864839,2135161,7000000,7.3
San Francisco,Thriller,1964,1960,tt0058329,Marnie,1964-07-09,4864839,2135161,7000000,7.3
San Francisco,Horror,1963,1960,tt0056869,The Birds,1963-03-28,8903529,2500000,11403529,7.5
San Francisco,Crime,1974,1970,tt0071360,The Conversation,1974-04-07,2820000,1600000,4420000,7.6
San Francisco,Drama,1974,1970,tt0071360,The Conversation,1974-04-07,2820000,1600000,4420000,7.6
San Francisco,Mystery,1974,1970,tt0071360,The Conversation,1974-04-07,2820000,1600000,4420000,7.6
San Francisco,Action,1999,1990,tt0133093,The Matrix,1999-03-30,400517383,63000000,463517383,8.1
San Francisco,Science Fiction,1999,1990,tt0133093,The Matrix,1999-03-30,400517383,63000000,463517383,8.1
San Francisco,Drama,1950,1950,tt0042192,All About Eve,1950-10-06,-1249562,1400000,150438,8.2
San Francisco,Adventure,1985,1980,tt0090264,A View to a Kill,1985-05-24,122427960,30000000,152427960,6.1
San Francisco,Action,1985,1980,tt0090264,A View to a Kill,1985-05-24,122427960,30000000,152427960,6.1
San Francisco,Thriller,1985,1980,tt0090264,A View to a Kill,1985-05-24,122427960,30000000,152427960,6.1
San Francisco,Comedy,1993,1990,tt0107614,Mrs. Doubtfire,1993-11-24,416286195,25000000,441286195,7.2
San Francisco,Drama,1993,1990,tt0107614,Mrs. Doubtfire,1993-11-24,416286195,25000000,441286195,7.2
San Francisco,Family,1993,1990,tt0107614,Mrs. Doubtfire,1993-11-24,416286195,25000000,441286195,7.2
San Francisco,Drama,1998,1990,tt0120632,City of Angels,1998-04-10,143685114,55000000,198685114,6.7
San Francisco,Fantasy,1998,1990,tt0120632,City of Angels,1998-04-10,143685114,55000000,198685114,6.7
San Francisco,Romance,1998,1990,tt0120632,City of Angels,1998-04-10,143685114,55000000,198685114,6.7
San Francisco,Comedy,1973,1970,tt0069704,American Graffiti,1973-08-01,139223000,777000,140000000,7.1
San Francisco,Drama,1973,1970,tt0069704,American Graffiti,1973-08-01,139223000,777000,140000000,7.1
San Francisco,Drama,2004,2000,tt0364961,The Assassination of Richard Nixon,2004-05-17,3537961,0,3537961,6.7
San Francisco,History,2004,2000,tt0364961,The Assassination of Richard Nixon,2004-05-17,3537961,0,3537961,6.7
San Francisco,Thriller,2004,2000,tt0364961,The Assassination of Richard Nixon,2004-05-17,3537961,0,3537961,6.7
San Francisco,Drama,1962,1960,tt0055798,Birdman of Alcatraz,1962-07-03,450000,2650000,3100000,7.3
San Francisco,Action,1968,1960,tt0062765,Bullitt,1968-12-19,36800873,5500000,42300873,7.2
San Francisco,Crime,1968,1960,tt0062765,Bullitt,1968-12-19,36800873,5500000,42300873,7.2
San Francisco,Drama,1968,1960,tt0062765,Bullitt,1968-12-19,36800873,5500000,42300873,7.2
San Francisco,Thriller,1968,1960,tt0062765,Bullitt,1968-12-19,36800873,5500000,42300873,7.2
San Francisco,Action,1971,1970,tt0066999,Dirty Harry,1971-07-14,25976000,10000000,35976000,7.5
San Francisco,Crime,1971,1970,tt0066999,Dirty Harry,1971-07-14,25976000,10000000,35976000,7.5
San Francisco,Thriller,1971,1970,tt0066999,Dirty Harry,1971-07-14,25976000,10000000,35976000,7.5
San Francisco,Drama,2006,2000,tt0454921,The Pursuit of Happyness,2006-12-14,252077295,55000000,307077295,7.9
San Francisco,Fantasy,2000,2000,tt0230030,Bedazzled,2000-10-19,42383208,48000000,90383208,5.8
San Francisco,Comedy,2000,2000,tt0230030,Bedazzled,2000-10-19,42383208,48000000,90383208,5.8
San Francisco,Romance,2000,2000,tt0230030,Bedazzled,2000-10-19,42383208,48000000,90383208,5.8
San Francisco,Crime,1995,1990,tt0113957,The Net,1995-07-28,88627965,22000000,110627965,5.9
San Francisco,Drama,1995,1990,tt0113957,The Net,1995-07-28,88627965,22000000,110627965,5.9
San Francisco,Mystery,1995,1990,tt0113957,The Net,1995-07-28,88627965,22000000,110627965,5.9
San Francisco,Thriller,1995,1990,tt0113957,The Net,1995-07-28,88627965,22000000,110627965,5.9
San Francisco,Action,1995,1990,tt0113957,The Net,1995-07-28,88627965,22000000,110627965,5.9
San Francisco,Documentary,2006,2000,tt0799954,The Bridge,2006-10-27,154780,25000,179780,6.9
San Francisco,Thriller,1995,1990,tt0112722,Copycat,1995-05-03,0,0,0,6.5
San Francisco,Comedy,2004,2000,tt0343660,50 First Dates,2004-02-13,121482882,75000000,196482882,6.8
San Francisco,Romance,2004,2000,tt0343660,50 First Dates,2004-02-13,121482882,75000000,196482882,6.8
San Francisco,Drama,2005,2000,tt0294870,Rent,2005-11-17,-8329380,40000000,31670620,6.9
San Francisco,Romance,2005,2000,tt0294870,Rent,2005-11-17,-8329380,40000000,31670620,6.9
San Francisco,Comedy,1967,1960,tt0061735,Guess Who's Coming to Dinner,1967-12-11,52666667,4000000,56666667,7.7
San Francisco,Drama,1967,1960,tt0061735,Guess Who's Coming to Dinner,1967-12-11,52666667,4000000,56666667,7.7
San Francisco,Romance,1967,1960,tt0061735,Guess Who's Coming to Dinner,1967-12-11,52666667,4000000,56666667,7.7
San Francisco,Drama,2001,2000,tt0230838,Sweet November,2001-02-16,25754228,40000000,65754228,6.7
San Francisco,Romance,2001,2000,tt0230838,Sweet November,2001-02-16,25754228,40000000,65754228,6.7
San Francisco,Science Fiction,1978,1970,tt0078346,Superman,1978-12-13,245218018,55000000,300218018,7.1
San Francisco,Action,1978,1970,tt0078346,Superman,1978-12-13,245218018,55000000,300218018,7.1
San Francisco,Adventure,1978,1970,tt0078346,Superman,1978-12-13,245218018,55000000,300218018,7.1
San Francisco,Action,2003,2000,tt0286716,Hulk,2003-06-19,108360480,137000000,245360480,5.5
San Francisco,Science Fiction,2003,2000,tt0286716,Hulk,2003-06-19,108360480,137000000,245360480,5.5
San Francisco,Crime,2007,2000,tt0443706,Zodiac,2007-03-02,19785914,65000000,84785914,7.5
San Francisco,Drama,2007,2000,tt0443706,Zodiac,2007-03-02,19785914,65000000,84785914,7.5
San Francisco,Mystery,2007,2000,tt0443706,Zodiac,2007-03-02,19785914,65000000,84785914,7.5
San Francisco,Thriller,2007,2000,tt0443706,Zodiac,2007-03-02,19785914,65000000,84785914,7.5
San Francisco,Music,1992,1990,tt0105417,Sister Act,1992-05-28,200605150,31000000,231605150,6.7
San Francisco,Comedy,1992,1990,tt0105417,Sister Act,1992-05-28,200605150,31000000,231605150,6.7
San Francisco,Comedy,2001,2000,tt0209475,The Wedding Planner,2001-01-26,59728529,35000000,94728529,5.8
San Francisco,Romance,2001,2000,tt0209475,The Wedding Planner,2001-01-26,59728529,35000000,94728529,5.8
San Francisco,Comedy,1999,1990,tt0120596,The Bachelor,1999-11-05,-14088383,51000000,36911617,4.9
San Francisco,Romance,1999,1990,tt0120596,The Bachelor,1999-11-05,-14088383,51000000,36911617,4.9
San Francisco,Mystery,1991,1990,tt0102900,Shattered,1991-10-11,-10488969,22000000,11511031,6.5
San Francisco,Thriller,1991,1990,tt0102900,Shattered,1991-10-11,-10488969,22000000,11511031,6.5
San Francisco,Action,2000,2000,tt0165929,Romeo Must Die,2000-03-20,66036760,25000000,91036760,6.0
San Francisco,Crime,2000,2000,tt0165929,Romeo Must Die,2000-03-20,66036760,25000000,91036760,6.0
San Francisco,Thriller,2000,2000,tt0165929,Romeo Must Die,2000-03-20,66036760,25000000,91036760,6.0
San Francisco,Comedy,1999,1990,tt0182789,Bicentennial Man,1999-12-17,-100000000,100000000,0,7.2
San Francisco,Science Fiction,1999,1990,tt0182789,Bicentennial Man,1999-12-17,-100000000,100000000,0,7.2
San Francisco,Drama,1999,1990,tt0182789,Bicentennial Man,1999-12-17,-100000000,100000000,0,7.2
San Francisco,Comedy,1992,1990,tt0105435,Sneakers,1992-09-09,105232691,0,105232691,6.9
San Francisco,Crime,1992,1990,tt0105435,Sneakers,1992-09-09,105232691,0,105232691,6.9
San Francisco,Drama,1992,1990,tt0105435,Sneakers,1992-09-09,105232691,0,105232691,6.9
San Francisco,Action,1987,1980,tt0093260,Innerspace,1987-06-30,-1106190,27000000,25893810,6.8
San Francisco,Comedy,1987,1980,tt0093260,Innerspace,1987-06-30,-1106190,27000000,25893810,6.8
San Francisco,Science Fiction,1987,1980,tt0093260,Innerspace,1987-06-30,-1106190,27000000,25893810,6.8
San Francisco,Drama,1997,1990,tt0119174,The Game,1997-09-12,59423648,50000000,109423648,7.6
San Francisco,Thriller,1997,1990,tt0119174,The Game,1997-09-12,59423648,50000000,109423648,7.6
San Francisco,Mystery,1997,1990,tt0119174,The Game,1997-09-12,59423648,50000000,109423648,7.6
San Francisco,Comedy,1992,1990,tt0104850,Memoirs of an Invisible Man,1992-02-28,-25641967,40000000,14358033,6.0
San Francisco,Fantasy,1992,1990,tt0104850,Memoirs of an Invisible Man,1992-02-28,-25641967,40000000,14358033,6.0
San Francisco,Science Fiction,1992,1990,tt0104850,Memoirs of an Invisible Man,1992-02-28,-25641967,40000000,14358033,6.0
San Francisco,Comedy,2002,2000,tt0243736,40 Days and 40 Nights,2002-03-01,-17000000,17000000,0,5.3
San Francisco,Romance,2002,2000,tt0243736,40 Days and 40 Nights,2002-03-01,-17000000,17000000,0,5.3
San Francisco,Thriller,1990,1990,tt0100318,Pacific Heights,1990-09-28,29381956,0,29381956,6.2
San Francisco,Comedy,1998,1990,tt0118998,Doctor Dolittle,1998-06-22,223456605,71000000,294456605,5.6
San Francisco,Family,1998,1990,tt0118998,Doctor Dolittle,1998-06-22,223456605,71000000,294456605,5.6
San Francisco,Fantasy,1998,1990,tt0118998,Doctor Dolittle,1998-06-22,223456605,71000000,294456605,5.6
San Francisco,Drama,1992,1990,tt0104265,Final Analysis,1992-02-07,28590665,0,28590665,5.7
San Francisco,Thriller,1992,1990,tt0104265,Final Analysis,1992-02-07,28590665,0,28590665,5.7
San Francisco,Romance,1992,1990,tt0104265,Final Analysis,1992-02-07,28590665,0,28590665,5.7
San Francisco,Comedy,1976,1970,tt0074512,Family Plot,1976-04-09,5900000,2000000,7900000,6.9
San Francisco,Crime,1976,1970,tt0074512,Family Plot,1976-04-09,5900000,2000000,7900000,6.9
San Francisco,Thriller,1976,1970,tt0074512,Family Plot,1976-04-09,5900000,2000000,7900000,6.9
San Francisco,Action,1974,1970,tt0072308,The Towering Inferno,1974-12-14,102000000,14000000,116000000,7.1
San Francisco,Thriller,1974,1970,tt0072308,The Towering Inferno,1974-12-14,102000000,14000000,116000000,7.1
San Francisco,Drama,1974,1970,tt0072308,The Towering Inferno,1974-12-14,102000000,14000000,116000000,7.1
San Francisco,Music,1993,1990,tt0108147,Sister Act 2: Back in the Habit,1993-12-09,19319029,38000000,57319029,6.3
San Francisco,Comedy,1993,1990,tt0108147,Sister Act 2: Back in the Habit,1993-12-09,19319029,38000000,57319029,6.3
San Francisco,Comedy,1994,1990,tt0110216,Junior,1994-11-22,48431355,60000000,108431355,5.0
San Francisco,Family,1994,1990,tt0110216,Junior,1994-11-22,48431355,60000000,108431355,5.0
San Francisco,Romance,1994,1990,tt0110216,Junior,1994-11-22,48431355,60000000,108431355,5.0
San Francisco,Drama,1956,1950,tt0049833,The Ten Commandments,1956-10-05,109700000,13000000,122700000,7.7
San Francisco,History,1956,1950,tt0049833,The Ten Commandments,1956-10-05,109700000,13000000,122700000,7.7
San Francisco,Action,1986,1980,tt0090728,Big Trouble in Little China,1986-05-30,-14000000,25000000,11000000,7.2
San Francisco,Adventure,1986,1980,tt0090728,Big Trouble in Little China,1986-05-30,-14000000,25000000,11000000,7.2
San Francisco,Comedy,1986,1980,tt0090728,Big Trouble in Little China,1986-05-30,-14000000,25000000,11000000,7.2
San Francisco,Fantasy,1986,1980,tt0090728,Big Trouble in Little China,1986-05-30,-14000000,25000000,11000000,7.2
San Francisco,Comedy,1996,1990,tt0116669,Jack,1996-08-09,13620973,45000000,58620973,6.2
San Francisco,Drama,1996,1990,tt0116669,Jack,1996-08-09,13620973,45000000,58620973,6.2
San Francisco,Science Fiction,1996,1990,tt0116669,Jack,1996-08-09,13620973,45000000,58620973,6.2
San Francisco,Action,1997,1990,tt0119664,Metro,1997-01-16,-23012437,55000000,31987563,5.6
San Francisco,Adventure,1997,1990,tt0119664,Metro,1997-01-16,-23012437,55000000,31987563,5.6
San Francisco,Comedy,1997,1990,tt0119664,Metro,1997-01-16,-23012437,55000000,31987563,5.6
San Francisco,Crime,1997,1990,tt0119664,Metro,1997-01-16,-23012437,55000000,31987563,5.6
San Francisco,Thriller,1997,1990,tt0119664,Metro,1997-01-16,-23012437,55000000,31987563,5.6
San Francisco,Comedy,2005,2000,tt0425123,Just Like Heaven,2005-09-16,44854431,58000000,102854431,6.8
San Francisco,Fantasy,2005,2000,tt0425123,Just Like Heaven,2005-09-16,44854431,58000000,102854431,6.8
San Francisco,Romance,2005,2000,tt0425123,Just Like Heaven,2005-09-16,44854431,58000000,102854431,6.8
San Francisco,Drama,1991,1990,tt0101787,Dying Young,1991-06-20,0,0,0,6.3
San Francisco,Romance,1991,1990,tt0101787,Dying Young,1991-06-20,0,0,0,6.3
San Francisco,Comedy,1996,1990,tt0116130,Down Periscope,1996-03-01,0,0,0,5.9
San Francisco,Drama,1996,1990,tt0117333,Phenomenon,1996-07-05,120036382,32000000,152036382,6.3
San Francisco,Fantasy,1996,1990,tt0117333,Phenomenon,1996-07-05,120036382,32000000,152036382,6.3
San Francisco,Romance,1996,1990,tt0117333,Phenomenon,1996-07-05,120036382,32000000,152036382,6.3
San Francisco,Science Fiction,1996,1990,tt0117333,Phenomenon,1996-07-05,120036382,32000000,152036382,6.3
San Francisco,Action,2003,2000,tt0298814,The Core,2003-03-28,14208267,60000000,74208267,5.6
San Francisco,Thriller,2003,2000,tt0298814,The Core,2003-03-28,14208267,60000000,74208267,5.6
San Francisco,Adventure,2003,2000,tt0298814,The Core,2003-03-28,14208267,60000000,74208267,5.6
San Francisco,Science Fiction,2003,2000,tt0298814,The Core,2003-03-28,14208267,60000000,74208267,5.6
San Francisco,Action,1998,1990,tt0118966,Desperate Measures,1998-01-30,-50000000,50000000,0,6.0
San Francisco,Drama,1998,1990,tt0118966,Desperate Measures,1998-01-30,-50000000,50000000,0,6.0
San Francisco,Thriller,1998,1990,tt0118966,Desperate Measures,1998-01-30,-50000000,50000000,0,6.0
San Francisco,Fantasy,1993,1990,tt0107688,The Nightmare Before Christmas,1993-10-09,57634409,18000000,75634409,7.8
San Francisco,Animation,1993,1990,tt0107688,The Nightmare Before Christmas,1993-10-09,57634409,18000000,75634409,7.8
San Francisco,Family,1993,1990,tt0107688,The Nightmare Before Christmas,1993-10-09,57634409,18000000,75634409,7.8
San Francisco,Drama,1983,1980,tt0086197,The Right Stuff,1983-10-20,-5500000,27000000,21500000,7.5
San Francisco,History,1983,1980,tt0086197,The Right Stuff,1983-10-20,-5500000,27000000,21500000,7.5
San Francisco,Thriller,1996,1990,tt0116277,The Fan,1996-08-15,-36373581,55000000,18626419,5.9
San Francisco,Action,1996,1990,tt0116277,The Fan,1996-08-15,-36373581,55000000,18626419,5.9
San Francisco,Comedy,1997,1990,tt0119137,Flubber,1997-11-26,97977226,80000000,177977226,5.6
San Francisco,Family,1997,1990,tt0119137,Flubber,1997-11-26,97977226,80000000,177977226,5.6
San Francisco,Science Fiction,1997,1990,tt0119137,Flubber,1997-11-26,97977226,80000000,177977226,5.6
San Francisco,Comedy,1996,1990,tt0116483,Happy Gilmore,1996-02-16,-10000000,10000000,0,6.5
San Francisco,Comedy,2001,2000,tt0240890,Serendipity,2001-10-05,49516304,28000000,77516304,6.8
San Francisco,Romance,2001,2000,tt0240890,Serendipity,2001-10-05,49516304,28000000,77516304,6.8
San Francisco,Drama,2001,2000,tt0240890,Serendipity,2001-10-05,49516304,28000000,77516304,6.8
San Francisco,Action,1996,1990,tt0117500,The Rock,1996-06-06,260062621,75000000,335062621,7.0
San Francisco,Adventure,1996,1990,tt0117500,The Rock,1996-06-06,260062621,75000000,335062621,7.0
San Francisco,Thriller,1996,1990,tt0117500,The Rock,1996-06-06,260062621,75000000,335062621,7.0
San Francisco,Comedy,1998,1990,tt0120783,The Parent Trap,1998-07-28,77108518,15000000,92108518,7.0
San Francisco,Family,1998,1990,tt0120783,The Parent Trap,1998-07-28,77108518,15000000,92108518,7.0
San Francisco,Comedy,2001,2000,tt0247638,The Princess Diaries,2001-08-03,128335153,37000000,165335153,6.8
San Francisco,Family,2001,2000,tt0247638,The Princess Diaries,2001-08-03,128335153,37000000,165335153,6.8
San Francisco,Romance,2001,2000,tt0247638,The Princess Diaries,2001-08-03,128335153,37000000,165335153,6.8
San Francisco,History,2008,2000,tt1013753,Milk,2008-11-05,34586584,20000000,54586584,7.3
San Francisco,Drama,2008,2000,tt1013753,Milk,2008-11-05,34586584,20000000,54586584,7.3
San Francisco,Drama,1989,1980,tt0097027,Casualties of War,1989-08-18,-3828683,22500000,18671317,7.1
San Francisco,History,1989,1980,tt0097027,Casualties of War,1989-08-18,-3828683,22500000,18671317,7.1
San Francisco,War,1989,1980,tt0097027,Casualties of War,1989-08-18,-3828683,22500000,18671317,7.1
San Francisco,Science Fiction,1998,1990,tt0120184,Sphere,1998-02-13,-42979723,80000000,37020277,6.0
San Francisco,Drama,1998,1990,tt0120184,Sphere,1998-02-13,-42979723,80000000,37020277,6.0
San Francisco,Horror,1998,1990,tt0120184,Sphere,1998-02-13,-42979723,80000000,37020277,6.0
San Francisco,Mystery,1998,1990,tt0120184,Sphere,1998-02-13,-42979723,80000000,37020277,6.0
San Francisco,War,1954,1950,tt0046816,The Caine Mutiny,1954-06-23,19750000,2000000,21750000,7.3
San Francisco,Horror,1999,1990,tt0145531,Stigmata,1999-09-10,21041732,29000000,50041732,6.1
San Francisco,Thriller,1999,1990,tt0145531,Stigmata,1999-09-10,21041732,29000000,50041732,6.1
San Francisco,Comedy,1998,1990,tt0129290,Patch Adams,1998-12-25,152292902,50000000,202292902,7.3
San Francisco,Drama,1998,1990,tt0129290,Patch Adams,1998-12-25,152292902,50000000,202292902,7.3
San Francisco,Comedy,1993,1990,tt0108174,So I Married an Axe Murderer,1993-07-30,-8414517,20000000,11585483,6.2
San Francisco,Crime,1993,1990,tt0108174,So I Married an Axe Murderer,1993-07-30,-8414517,20000000,11585483,6.2
San Francisco,Romance,1993,1990,tt0108174,So I Married an Axe Murderer,1993-07-30,-8414517,20000000,11585483,6.2
San Francisco,Drama,1993,1990,tt0106881,Fearless,1993-10-15,0,0,0,7.0
San Francisco,Drama,1994,1990,tt0111693,When a Man Loves a Woman,1994-04-29,50021959,0,50021959,6.5
San Francisco,Romance,1994,1990,tt0111693,When a Man Loves a Woman,1994-04-29,50021959,0,50021959,6.5
San Francisco,Comedy,1996,1990,tt0117918,Tin Cup,1996-08-16,8854588,45000000,53854588,6.0
San Francisco,Romance,1996,1990,tt0117918,Tin Cup,1996-08-16,8854588,45000000,53854588,6.0
San Francisco,Drama,1991,1990,tt0101761,The Doors,1991-03-01,-3583107,38000000,34416893,7.0
San Francisco,Music,1991,1990,tt0101761,The Doors,1991-03-01,-3583107,38000000,34416893,7.0
San Francisco,Adventure,1996,1990,tt0116683,James and the Giant Peach,1996-04-12,-9078736,38000000,28921264,6.4
San Francisco,Animation,1996,1990,tt0116683,James and the Giant Peach,1996-04-12,-9078736,38000000,28921264,6.4
San Francisco,Family,1996,1990,tt0116683,James and the Giant Peach,1996-04-12,-9078736,38000000,28921264,6.4
San Francisco,Fantasy,1996,1990,tt0116683,James and the Giant Peach,1996-04-12,-9078736,38000000,28921264,6.4
San Francisco,Comedy,2000,2000,tt0204175,Boys and Girls,2000-06-16,4627372,16000000,20627372,5.8
San Francisco,Drama,2000,2000,tt0204175,Boys and Girls,2000-06-16,4627372,16000000,20627372,5.8
San Francisco,Romance,2000,2000,tt0204175,Boys and Girls,2000-06-16,4627372,16000000,20627372,5.8
San Francisco,Adventure,1997,1990,tt0119190,George of the Jungle,1997-07-15,119463257,55000000,174463257,5.4
San Francisco,Comedy,1997,1990,tt0119190,George of the Jungle,1997-07-15,119463257,55000000,174463257,5.4
San Francisco,Family,1997,1990,tt0119190,George of the Jungle,1997-07-15,119463257,55000000,174463257,5.4
San Francisco,Romance,1997,1990,tt0119190,George of the Jungle,1997-07-15,119463257,55000000,174463257,5.4
San Francisco,Action,1973,1970,tt0070355,Magnum Force,1973-12-23,39768000,0,39768000,7.2
San Francisco,Crime,1973,1970,tt0070355,Magnum Force,1973-12-23,39768000,0,39768000,7.2
San Francisco,Thriller,1973,1970,tt0070355,Magnum Force,1973-12-23,39768000,0,39768000,7.2
San Francisco,Drama,1973,1970,tt0070355,Magnum Force,1973-12-23,39768000,0,39768000,7.2
San Francisco,Mystery,1973,1970,tt0070355,Magnum Force,1973-12-23,39768000,0,39768000,7.2
San Francisco,Action,1976,1970,tt0074483,The Enforcer,1976-12-20,37236000,9000000,46236000,6.9
San Francisco,Crime,1976,1970,tt0074483,The Enforcer,1976-12-20,37236000,9000000,46236000,6.9
San Francisco,Thriller,1976,1970,tt0074483,The Enforcer,1976-12-20,37236000,9000000,46236000,6.9
San Francisco,Crime,1983,1980,tt0086383,Sudden Impact,1983-12-07,45642693,22000000,67642693,6.6
San Francisco,Action,1988,1980,tt0094963,The Dead Pool,1988-04-14,-20000000,20000000,0,6.4
San Francisco,Crime,1988,1980,tt0094963,The Dead Pool,1988-04-14,-20000000,20000000,0,6.4
San Francisco,Thriller,1988,1980,tt0094963,The Dead Pool,1988-04-14,-20000000,20000000,0,6.4
San Francisco,Comedy,2001,2000,tt0240462,Dr. Dolittle 2,2001-06-22,106104344,70000000,176104344,5.2
San Francisco,Family,2001,2000,tt0240462,Dr. Dolittle 2,2001-06-22,106104344,70000000,176104344,5.2
San Francisco,Romance,2001,2000,tt0240462,Dr. Dolittle 2,2001-06-22,106104344,70000000,176104344,5.2
San Francisco,Fantasy,2001,2000,tt0240462,Dr. Dolittle 2,2001-06-22,106104344,70000000,176104344,5.2
San Francisco,Romance,1974,1970,tt0071607,Herbie Rides Again,1974-02-14,0,0,0,6.0
San Francisco,Comedy,1974,1970,tt0071607,Herbie Rides Again,1974-02-14,0,0,0,6.0
San Francisco,Family,1974,1970,tt0071607,Herbie Rides Again,1974-02-14,0,0,0,6.0
San Francisco,Fantasy,1974,1970,tt0071607,Herbie Rides Again,1974-02-14,0,0,0,6.0
San Francisco,Romance,2003,2000,tt0328589,Under the Tuscan Sun,2003-09-20,40878723,18000000,58878723,6.6
San Francisco,Comedy,2003,2000,tt0328589,Under the Tuscan Sun,2003-09-20,40878723,18000000,58878723,6.6
San Francisco,Drama,2003,2000,tt0315983,House of Sand and Fog,2003-12-19,442795,16500000,16942795,7.1
San Francisco,Crime,2005,2000,tt0371739,The Zodiac,2005-07-31,0,0,0,5.7
San Francisco,Drama,2005,2000,tt0371739,The Zodiac,2005-07-31,0,0,0,5.7
San Francisco,Thriller,2005,2000,tt0371739,The Zodiac,2005-07-31,0,0,0,5.7
San Francisco,Comedy,1999,1990,tt0131369,Edtv,1999-03-26,-80000000,80000000,0,6.0
San Francisco,Romance,1995,1990,tt0113986,Nine Months,1995-07-12,69660733,0,69660733,5.6
San Francisco,Comedy,1995,1990,tt0113986,Nine Months,1995-07-12,69660733,0,69660733,5.6
San Francisco,Comedy,1969,1960,tt0065063,Take the Money and Run,1969-08-18,-1500000,1500000,0,7.2
San Francisco,Crime,1969,1960,tt0065063,Take the Money and Run,1969-08-18,-1500000,1500000,0,7.2
San Francisco,Action,2002,2000,tt0246894,Rollerball,2002-02-08,-44147236,70000000,25852764,4.0
San Francisco,Science Fiction,2002,2000,tt0246894,Rollerball,2002-02-08,-44147236,70000000,25852764,4.0
San Francisco,Thriller,2002,2000,tt0246894,Rollerball,2002-02-08,-44147236,70000000,25852764,4.0
San Francisco,Drama,2002,2000,tt0257756,High Crimes,2002-04-05,21781810,42000000,63781810,6.2
San Francisco,Mystery,2002,2000,tt0257756,High Crimes,2002-04-05,21781810,42000000,63781810,6.2
San Francisco,Thriller,2002,2000,tt0257756,High Crimes,2002-04-05,21781810,42000000,63781810,6.2
San Francisco,Crime,2002,2000,tt0257756,High Crimes,2002-04-05,21781810,42000000,63781810,6.2
San Francisco,Romance,2002,2000,tt0253867,The Sweetest Thing,2002-04-12,25696770,43000000,68696770,5.5
San Francisco,Comedy,2002,2000,tt0253867,The Sweetest Thing,2002-04-12,25696770,43000000,68696770,5.5
San Francisco,Drama,2003,2000,tt0304415,Mona Lisa Smile,2003-12-19,-65000000,65000000,0,6.9
San Francisco,Romance,2003,2000,tt0304415,Mona Lisa Smile,2003-12-19,-65000000,65000000,0,6.9
San Francisco,Horror,1978,1970,tt0077745,Invasion of the Body Snatchers,1978-12-19,21446533,3500000,24946533,7.2
San Francisco,Mystery,1978,1970,tt0077745,Invasion of the Body Snatchers,1978-12-19,21446533,3500000,24946533,7.2
San Francisco,Science Fiction,1978,1970,tt0077745,Invasion of the Body Snatchers,1978-12-19,21446533,3500000,24946533,7.2
San Francisco,Thriller,1978,1970,tt0077745,Invasion of the Body Snatchers,1978-12-19,21446533,3500000,24946533,7.2
San Francisco,Action,1988,1980,tt0095897,The Presidio,1988-06-10,20324096,0,20324096,5.9
San Francisco,Thriller,1995,1990,tt0113451,Jade,1995-10-13,-40148390,50000000,9851610,5.3
San Francisco,Mystery,1995,1990,tt0113451,Jade,1995-10-13,-40148390,50000000,9851610,5.3
San Francisco,Drama,1998,1990,tt0120889,What Dreams May Come,1998-10-02,-13514957,85000000,71485043,7.1
San Francisco,Fantasy,1998,1990,tt0120889,What Dreams May Come,1998-10-02,-13514957,85000000,71485043,7.1
San Francisco,Romance,1998,1990,tt0120889,What Dreams May Come,1998-10-02,-13514957,85000000,71485043,7.1
San Francisco,Fantasy,1993,1990,tt0107091,Heart and Souls,1993-08-13,16589540,0,16589540,6.8
San Francisco,Comedy,1993,1990,tt0107091,Heart and Souls,1993-08-13,16589540,0,16589540,6.8
San Francisco,Romance,1993,1990,tt0107091,Heart and Souls,1993-08-13,16589540,0,16589540,6.8
San Francisco,Thriller,1985,1980,tt0089360,Jagged Edge,1985-10-04,-15000000,15000000,0,6.5
San Francisco,Documentary,1978,1970,tt0077533,Faces of Death,1978-11-10,0,0,0,4.0
San Francisco,Horror,1978,1970,tt0077533,Faces of Death,1978-11-10,0,0,0,4.0
San Francisco,Comedy,1997,1990,tt0119109,Fathers' Day,1997-05-09,-49401624,85000000,35598376,5.5
San Francisco,Family,1997,1990,tt0119109,Fathers' Day,1997-05-09,-49401624,85000000,35598376,5.5
San Francisco,Comedy,1977,1970,tt0076141,High Anxiety,1977-12-25,27048038,4015000,31063038,6.5
San Francisco,Drama,1960,1960,tt0054084,Midnight Lace,1960-10-13,7400000,0,7400000,6.7
San Francisco,Mystery,1960,1960,tt0054084,Midnight Lace,1960-10-13,7400000,0,7400000,6.7
San Francisco,Thriller,1960,1960,tt0054084,Midnight Lace,1960-10-13,7400000,0,7400000,6.7
San Francisco,War,2003,2000,tt0317910,The Fog of War,2003-12-09,0,0,0,8.0
San Francisco,Documentary,2003,2000,tt0317910,The Fog of War,2003-12-09,0,0,0,8.0
San Francisco,History,2003,2000,tt0317910,The Fog of War,2003-12-09,0,0,0,8.0
San Francisco,Action,2004,2000,tt0315297,Twisted,2004-02-27,-24805000,50000000,25195000,5.4
San Francisco,Adventure,2004,2000,tt0315297,Twisted,2004-02-27,-24805000,50000000,25195000,5.4
San Francisco,Crime,2004,2000,tt0315297,Twisted,2004-02-27,-24805000,50000000,25195000,5.4
San Francisco,Drama,2004,2000,tt0315297,Twisted,2004-02-27,-24805000,50000000,25195000,5.4
San Francisco,Thriller,2004,2000,tt0315297,Twisted,2004-02-27,-24805000,50000000,25195000,5.4
San Francisco,Drama,1992,1990,tt0105217,Raising Cain,1992-08-07,25170057,12000000,37170057,6.0
San Francisco,Horror,1992,1990,tt0105217,Raising Cain,1992-08-07,25170057,12000000,37170057,6.0
San Francisco,Thriller,1992,1990,tt0105217,Raising Cain,1992-08-07,25170057,12000000,37170057,6.0
San Francisco,Crime,1992,1990,tt0105217,Raising Cain,1992-08-07,25170057,12000000,37170057,6.0
San Francisco,Comedy,1968,1960,tt0064603,The Love Bug,1968-12-22,0,0,0,6.4
San Francisco,Family,1968,1960,tt0064603,The Love Bug,1968-12-22,0,0,0,6.4
San Francisco,Fantasy,1968,1960,tt0064603,The Love Bug,1968-12-22,0,0,0,6.4
San Francisco,Comedy,2000,2000,tt0206420,Woman on Top,2000-09-22,-8000000,8000000,0,5.6
San Francisco,Drama,2000,2000,tt0206420,Woman on Top,2000-09-22,-8000000,8000000,0,5.6
San Francisco,Romance,2000,2000,tt0206420,Woman on Top,2000-09-22,-8000000,8000000,0,5.6
San Francisco,Fantasy,2000,2000,tt0206420,Woman on Top,2000-09-22,-8000000,8000000,0,5.6
San Francisco,Comedy,1988,1980,tt0094715,Beaches,1988-12-21,57041866,0,57041866,6.9
San Francisco,Drama,1988,1980,tt0094715,Beaches,1988-12-21,57041866,0,57041866,6.9
San Francisco,Comedy,1978,1970,tt0077578,Foul Play,1978-07-14,-45000000,45000000,0,6.3
San Francisco,Mystery,1978,1970,tt0077578,Foul Play,1978-07-14,-45000000,45000000,0,6.3
San Francisco,Thriller,1978,1970,tt0077578,Foul Play,1978-07-14,-45000000,45000000,0,6.3
San Francisco,Drama,1991,1990,tt0101590,Class Action,1991-03-15,0,0,0,6.3
San Francisco,Crime,1991,1990,tt0101590,Class Action,1991-03-15,0,0,0,6.3
San Francisco,Comedy,2002,2000,tt0298798,Cherish,2002-01-17,0,0,0,6.5
San Francisco,Drama,2002,2000,tt0298798,Cherish,2002-01-17,0,0,0,6.5
San Francisco,Mystery,2002,2000,tt0298798,Cherish,2002-01-17,0,0,0,6.5
San Francisco,Thriller,2002,2000,tt0298798,Cherish,2002-01-17,0,0,0,6.5
San Francisco,Comedy,1999,1990,tt0123209,The Other Sister,1999-02-26,-35000000,35000000,0,6.4
San Francisco,Drama,1999,1990,tt0123209,The Other Sister,1999-02-26,-35000000,35000000,0,6.4
San Francisco,Romance,1999,1990,tt0123209,The Other Sister,1999-02-26,-35000000,35000000,0,6.4
San Francisco,Drama,1998,1990,tt0139030,Around the Fire,1998-09-26,-1200000,1200000,0,3.8
San Francisco,Romance,1998,1990,tt0139030,Around the Fire,1998-09-26,-1200000,1200000,0,3.8
San Francisco,Drama,1952,1950,tt0045205,Sudden Fear,1952-08-01,0,0,0,7.4
San Francisco,Thriller,1952,1950,tt0045205,Sudden Fear,1952-08-01,0,0,0,7.4
San Francisco,Comedy,1980,1980,tt0080319,Nine to Five,1980-12-18,0,0,0,7.0
San Francisco,Action,1974,1970,tt0071521,Freebie and the Bean,1974-12-25,0,0,0,6.7
San Francisco,Comedy,1974,1970,tt0071521,Freebie and the Bean,1974-12-25,0,0,0,6.7
San Francisco,Crime,1974,1970,tt0071521,Freebie and the Bean,1974-12-25,0,0,0,6.7
San Francisco,Action,1986,1980,tt0091814,Quicksilver,1986-02-14,0,0,0,5.7
San Francisco,Adventure,1986,1980,tt0091814,Quicksilver,1986-02-14,0,0,0,5.7
San Francisco,Drama,1986,1980,tt0091814,Quicksilver,1986-02-14,0,0,0,5.7
San Francisco,Comedy,1972,1970,tt0068334,The Candidate,1972-06-29,0,0,0,6.9
San Francisco,Drama,1972,1970,tt0068334,The Candidate,1972-06-29,0,0,0,6.9
San Francisco,Drama,2000,2000,tt0212974,Groove,2000-06-08,0,0,0,6.1
San Francisco,Music,2000,2000,tt0212974,Groove,2000-06-08,0,0,0,6.1
San Francisco,Romance,2000,2000,tt0212974,Groove,2000-06-08,0,0,0,6.1
San Francisco,Drama,2005,2000,tt0351885,Tweek City,2005-05-08,0,0,0,9.3
San Francisco,Action,1958,1950,tt0051866,The Lineup,1958-06-11,0,0,0,7.0
San Francisco,Crime,1958,1950,tt0051866,The Lineup,1958-06-11,0,0,0,7.0
San Francisco,Drama,1958,1950,tt0051866,The Lineup,1958-06-11,0,0,0,7.0
San Francisco,Thriller,1958,1950,tt0051866,The Lineup,1958-06-11,0,0,0,7.0
San Francisco,Drama,2005,2000,tt0387059,Bee Season,2005-09-03,-7143011,14000000,6856989,5.3
San Francisco,Family,2005,2000,tt0387059,Bee Season,2005-09-03,-7143011,14000000,6856989,5.3
San Francisco,Adventure,1979,1970,tt0080025,Time After Time,1979-08-31,0,0,0,6.8
San Francisco,Drama,1979,1970,tt0080025,Time After Time,1979-08-31,0,0,0,6.8
San Francisco,Comedy,1979,1970,tt0080025,Time After Time,1979-08-31,0,0,0,6.8
San Francisco,Science Fiction,1979,1970,tt0080025,Time After Time,1979-08-31,0,0,0,6.8
San Francisco,Thriller,1979,1970,tt0080025,Time After Time,1979-08-31,0,0,0,6.8
San Francisco,Adventure,1996,1990,tt0116552,Homeward Bound II: Lost in San Francisco,1996-03-08,32709423,0,32709423,6.4
San Francisco,Comedy,1996,1990,tt0116552,Homeward Bound II: Lost in San Francisco,1996-03-08,32709423,0,32709423,6.4
San Francisco,Drama,1996,1990,tt0116552,Homeward Bound II: Lost in San Francisco,1996-03-08,32709423,0,32709423,6.4
San Francisco,Family,1996,1990,tt0116552,Homeward Bound II: Lost in San Francisco,1996-03-08,32709423,0,32709423,6.4
San Francisco,Comedy,1961,1960,tt0054885,Flower Drum Song,1961-11-09,0,0,0,6.0
San Francisco,Music,1961,1960,tt0054885,Flower Drum Song,1961-11-09,0,0,0,6.0
San Francisco,Crime,1967,1960,tt0062138,Point Blank,1967-08-30,700000,2500000,3200000,7.1
San Francisco,Drama,1991,1990,tt0101746,The Doctor,1991-07-24,26120905,12000000,38120905,6.6
San Francisco,Comedy,1996,1990,tt0117091,Mother,1996-12-25,0,0,0,6.5
San Francisco,War,1989,1980,tt0097336,Fat Man and Little Boy,1989-10-20,0,0,0,6.5
San Francisco,Drama,1989,1980,tt0097336,Fat Man and Little Boy,1989-10-20,0,0,0,6.5
San Francisco,History,1989,1980,tt0097336,Fat Man and Little Boy,1989-10-20,0,0,0,6.5
San Francisco,Comedy,1968,1960,tt0063829,Yours, Mine and Ours,1968-04-24,0,0,0,6.6
San Francisco,Drama,1968,1960,tt0063829,Yours, Mine and Ours,1968-04-24,0,0,0,6.6
San Francisco,Family,1968,1960,tt0063829,Yours, Mine and Ours,1968-04-24,0,0,0,6.6
San Francisco,Drama,1988,1980,tt0096316,Tucker: The Man and His Dream,1988-08-12,0,0,0,6.8
San Francisco,Drama,1951,1950,tt0043660,The House on Telegraph Hill,1951-05-12,0,0,0,6.2
San Francisco,Mystery,1951,1950,tt0043660,The House on Telegraph Hill,1951-05-12,0,0,0,6.2
San Francisco,Thriller,1951,1950,tt0043660,The House on Telegraph Hill,1951-05-12,0,0,0,6.2
San Francisco,Crime,1950,1950,tt0043142,Woman on the Run,1950-11-10,0,0,0,6.7
San Francisco,Drama,1950,1950,tt0043142,Woman on the Run,1950-11-10,0,0,0,6.7
San Francisco,Crime,1973,1970,tt0070292,The Laughing Policeman,1973-12-20,0,0,0,6.1
San Francisco,Drama,1973,1970,tt0070292,The Laughing Policeman,1973-12-20,0,0,0,6.1
San Francisco,Thriller,1973,1970,tt0070292,The Laughing Policeman,1973-12-20,0,0,0,6.1
San Francisco,Crime,1989,1980,tt0098524,True Believer,1989-02-17,0,0,0,6.3
San Francisco,Drama,1989,1980,tt0098524,True Believer,1989-02-17,0,0,0,6.3
San Francisco,Romance,1996,1990,tt0116141,Dream for an Insomniac,1996-04-18,24,0,24,5.8
San Francisco,Comedy,1996,1990,tt0116141,Dream for an Insomniac,1996-04-18,24,0,24,5.8
San Francisco,Drama,1996,1990,tt0116141,Dream for an Insomniac,1996-04-18,24,0,24,5.8
San Francisco,Drama,1962,1960,tt0055895,Days of Wine and Roses,1962-12-26,0,0,0,7.6
San Francisco,Romance,1962,1960,tt0055895,Days of Wine and Roses,1962-12-26,0,0,0,7.6
San Francisco,Documentary,1984,1980,tt0088275,The Times of Harvey Milk,1984-10-07,0,0,0,7.8
San Francisco,Comedy,1998,1990,tt0120703,How Stella Got Her Groove Back,1998-08-14,17672350,20000000,37672350,5.8
San Francisco,Drama,1998,1990,tt0120703,How Stella Got Her Groove Back,1998-08-14,17672350,20000000,37672350,5.8
San Francisco,Romance,1998,1990,tt0120703,How Stella Got Her Groove Back,1998-08-14,17672350,20000000,37672350,5.8
San Francisco,Comedy,1997,1990,tt0120151,A Smile Like Yours,1997-08-27,0,0,0,3.6
San Francisco,Romance,1997,1990,tt0120151,A Smile Like Yours,1997-08-27,0,0,0,3.6
San Francisco,Comedy,1957,1950,tt0050815,Pal Joey,1957-10-25,0,0,0,6.5
San Francisco,Music,1957,1950,tt0050815,Pal Joey,1957-10-25,0,0,0,6.5
San Francisco,Romance,1957,1950,tt0050815,Pal Joey,1957-10-25,0,0,0,6.5
San Francisco,Science Fiction,1959,1950,tt0053137,On the Beach,1959-12-16,0,0,0,6.8
San Francisco,Drama,1959,1950,tt0053137,On the Beach,1959-12-16,0,0,0,6.8
San Francisco,Romance,1959,1950,tt0053137,On the Beach,1959-12-16,0,0,0,6.8
San Francisco,Comedy,1967,1960,tt0061722,The Graduate,1967-12-21,101945305,3000000,104945305,7.7
San Francisco,Drama,1967,1960,tt0061722,The Graduate,1967-12-21,101945305,3000000,104945305,7.7
San Francisco,Comedy,1999,1990,tt0177215,Seven Girlfriends,1999-11-06,0,0,0,6.0
San Francisco,Romance,1999,1990,tt0177215,Seven Girlfriends,1999-11-06,0,0,0,6.0
San Francisco,Documentary,2003,2000,tt0357567,Confessions of a Burning Man,2003-10-23,0,0,0,4.0
San Francisco,Crime,1987,1980,tt0092710,Burglar,1987-03-20,0,0,0,5.5
San Francisco,Comedy,1987,1980,tt0092710,Burglar,1987-03-20,0,0,0,5.5
San Francisco,Comedy,1980,1980,tt0080492,Can't Stop the Music,1980-06-20,0,0,0,4.7
San Francisco,Music,1980,1980,tt0080492,Can't Stop the Music,1980-06-20,0,0,0,4.7
San Francisco,Comedy,1980,1980,tt0081485,Serial,1980-03-28,0,0,0,6.8
San Francisco,Romance,1980,1980,tt0081485,Serial,1980-03-28,0,0,0,6.8
San Francisco,Drama,1995,1990,tt0114084,Panther,1995-11-10,6834525,0,6834525,6.7
San Francisco,Family,1994,1990,tt0109891,Getting Even with Dad,1994-06-17,-30000000,30000000,0,4.8
San Francisco,Comedy,1994,1990,tt0109891,Getting Even with Dad,1994-06-17,-30000000,30000000,0,4.8
San Francisco,Crime,1994,1990,tt0109891,Getting Even with Dad,1994-06-17,-30000000,30000000,0,4.8
San Francisco,Drama,1980,1980,tt0080556,The Competition,1980-12-03,0,0,0,7.1
San Francisco,Romance,1980,1980,tt0080556,The Competition,1980-12-03,0,0,0,7.1
San Francisco,Music,1980,1980,tt0080556,The Competition,1980-12-03,0,0,0,7.1
San Francisco,Romance,1968,1960,tt0063426,Petulia,1968-06-10,1600000,0,1600000,5.8
San Francisco,Drama,1968,1960,tt0063426,Petulia,1968-06-10,1600000,0,1600000,5.8
San Francisco,Crime,1962,1960,tt0055972,Experiment in Terror,1962-04-12,0,0,0,7.0
San Francisco,Thriller,1962,1960,tt0055972,Experiment in Terror,1962-04-12,0,0,0,7.0
San Francisco,Drama,2010,2010,tt1212419,Hereafter,2010-10-22,55197635,50000000,105197635,6.0
San Francisco,Fantasy,2010,2010,tt1212419,Hereafter,2010-10-22,55197635,50000000,105197635,6.0
San Francisco,Drama,2006,2000,tt0907842,The Bridge,2006-09-01,0,0,0,7.0
San Francisco,Comedy,1997,1990,tt0119019,Dream with the Fishes,1997-01-01,0,0,0,7.5
San Francisco,Crime,1984,1980,tt0088256,Thief of Hearts,1984-10-19,1364904,9000000,10364904,5.4
San Francisco,Drama,1984,1980,tt0088256,Thief of Hearts,1984-10-19,1364904,9000000,10364904,5.4
San Francisco,Thriller,1984,1980,tt0088256,Thief of Hearts,1984-10-19,1364904,9000000,10364904,5.4
San Francisco,Comedy,1984,1980,tt0087384,Hard to Hold,1984-06-29,0,0,0,4.5
San Francisco,Drama,1984,1980,tt0087384,Hard to Hold,1984-06-29,0,0,0,4.5
San Francisco,Romance,1984,1980,tt0087384,Hard to Hold,1984-06-29,0,0,0,4.5
San Francisco,Drama,1982,1980,tt0084675,Shoot the Moon,1982-01-22,8100000,0,8100000,6.7
San Francisco,Romance,1982,1980,tt0084675,Shoot the Moon,1982-01-22,8100000,0,8100000,6.7
San Francisco,Comedy,2003,2000,tt0342300,Dopamine,2003-10-03,22278,0,22278,4.7
San Francisco,Romance,2003,2000,tt0342300,Dopamine,2003-10-03,22278,0,22278,4.7
San Francisco,Comedy,1981,1980,tt0082177,Chu Chu and the Philly Flash,1981-08-28,0,0,0,4.7
San Francisco,Drama,2003,2000,tt0358722,Swing,2003-10-09,0,0,0,0.0
San Francisco,Romance,2003,2000,tt0358722,Swing,2003-10-09,0,0,0,0.0
San Francisco,Drama,1968,1960,tt0063469,Psych-Out,1968-03-06,0,0,0,6.0
San Francisco,Thriller,1968,1960,tt0063469,Psych-Out,1968-03-06,0,0,0,6.0
San Francisco,Music,1968,1960,tt0063469,Psych-Out,1968-03-06,0,0,0,6.0
San Francisco,Drama,2011,2010,tt1855110,180,2011-06-25,0,0,0,5.0
San Francisco,Romance,2011,2010,tt1855110,180,2011-06-25,0,0,0,5.0
San Francisco,Drama,2012,2010,tt1560747,The Master,2012-09-07,-3741940,32000000,28258060,7.2
San Francisco,Drama,1988,1980,tt0095836,Patty Hearst,1988-09-23,1223326,0,1223326,6.3
San Francisco,Drama,2005,2000,tt0377043,The Californians,2005-10-21,0,0,0,4.0
San Francisco,Comedy,2005,2000,tt0377043,The Californians,2005-10-21,0,0,0,4.0
San Francisco,Comedy,2000,2000,tt0201901,Just One Night,2000-09-26,0,0,0,7.0
San Francisco,Romance,2000,2000,tt0201901,Just One Night,2000-09-26,0,0,0,7.0
San Francisco,Comedy,2001,2000,tt0273253,Haiku Tunnel,2001-09-07,251058,0,251058,7.0
San Francisco,Adventure,2012,2010,tt0337692,On the Road,2012-05-22,-16215682,25000000,8784318,5.6
San Francisco,Drama,2012,2010,tt0337692,On the Road,2012-05-22,-16215682,25000000,8784318,5.6
San Francisco,Drama,2014,2010,tt1126590,Big Eyes,2014-12-24,18883511,10000000,28883511,7.0
San Francisco,Action,1984,1980,tt0087096,Crackers,1984-02-17,0,0,0,5.1
San Francisco,Comedy,1984,1980,tt0087096,Crackers,1984-02-17,0,0,0,5.1
San Francisco,Crime,1984,1980,tt0087096,Crackers,1984-02-17,0,0,0,5.1
San Francisco,Comedy,2000,2000,tt0187559,Playing Mona Lisa,2000-05-01,-3000000,3000000,0,6.0
San Francisco,Drama,1971,1970,tt0067535,The Organization,1971-10-20,0,0,0,6.1
San Francisco,Action,1971,1970,tt0067535,The Organization,1971-10-20,0,0,0,6.1
San Francisco,Thriller,1971,1970,tt0067535,The Organization,1971-10-20,0,0,0,6.1
San Francisco,Crime,1971,1970,tt0067535,The Organization,1971-10-20,0,0,0,6.1
San Francisco,Drama,1961,1960,tt0055490,Susan Slade,1961-11-08,0,0,0,6.1
San Francisco,Romance,1961,1960,tt0055490,Susan Slade,1961-11-08,0,0,0,6.1
San Francisco,Comedy,2005,2000,tt0379402,Night of Henna,2005-03-11,0,0,0,0.0
San Francisco,Romance,2005,2000,tt0379402,Night of Henna,2005-03-11,0,0,0,0.0
San Francisco,Science Fiction,2015,2010,tt0478970,Ant-Man,2015-07-14,389311965,130000000,519311965,7.1
San Francisco,Action,2015,2010,tt0478970,Ant-Man,2015-07-14,389311965,130000000,519311965,7.1
San Francisco,Adventure,2015,2010,tt0478970,Ant-Man,2015-07-14,389311965,130000000,519311965,7.1
San Francisco,Comedy,2013,2010,tt2234155,The Internship,2013-06-07,-14000000,58000000,44000000,6.2
San Francisco,Science Fiction,2014,2010,tt2103281,Dawn of the Planet of the Apes,2014-06-26,540644566,170000000,710644566,7.3
San Francisco,Action,2014,2010,tt2103281,Dawn of the Planet of the Apes,2014-06-26,540644566,170000000,710644566,7.3
San Francisco,Drama,2014,2010,tt2103281,Dawn of the Planet of the Apes,2014-06-26,540644566,170000000,710644566,7.3
San Francisco,Thriller,2014,2010,tt2103281,Dawn of the Planet of the Apes,2014-06-26,540644566,170000000,710644566,7.3
San Francisco,Action,2014,2010,tt0831387,Godzilla,2014-05-14,369076069,160000000,529076069,6.1
San Francisco,Drama,2014,2010,tt0831387,Godzilla,2014-05-14,369076069,160000000,529076069,6.1
San Francisco,Science Fiction,2014,2010,tt0831387,Godzilla,2014-05-14,369076069,160000000,529076069,6.1
San Francisco,Drama,1994,1990,tt0110671,Nina Takes a Lover,1994-03-03,0,0,0,5.8
San Francisco,Romance,1994,1990,tt0110671,Nina Takes a Lover,1994-03-03,0,0,0,5.8
San Francisco,Comedy,1985,1980,tt0087150,Dim Sum: A Little Bit of Heart,1985-08-09,0,0,0,5.5
San Francisco,Drama,2013,2010,tt1462411,Big Sur,2013-11-01,33621,0,33621,5.4
San Francisco,Comedy,2013,2010,tt2334873,Blue Jasmine,2013-07-25,81206215,18000000,99206215,7.0
San Francisco,Drama,2013,2010,tt2334873,Blue Jasmine,2013-07-25,81206215,18000000,99206215,7.0
San Francisco,Documentary,2011,2010,tt2734180,180,2011-09-26,0,0,0,6.8
San Francisco,Drama,1980,1980,tt0080854,Heart Beat,1980-04-25,0,0,0,7.0
San Francisco,Drama,2004,2000,tt0417667,Fandom,2004-12-31,0,0,0,0.0
San Francisco,Comedy,2004,2000,tt0417667,Fandom,2004-12-31,0,0,0,0.0
San Francisco,Drama,1986,1980,tt0091323,Kamikaze Hearts,1986-11-01,0,0,0,7.3
San Francisco,Drama,2015,2010,tt3172532,The Diary of a Teenage Girl,2015-08-07,-522998,2000000,1477002,6.7
San Francisco,Romance,2015,2010,tt3172532,The Diary of a Teenage Girl,2015-08-07,-522998,2000000,1477002,6.7
San Francisco,Action,2015,2010,tt2126355,San Andreas,2015-05-27,360490832,110000000,470490832,6.1
San Francisco,Drama,2015,2010,tt2126355,San Andreas,2015-05-27,360490832,110000000,470490832,6.1
San Francisco,Thriller,2015,2010,tt2126355,San Andreas,2015-05-27,360490832,110000000,470490832,6.1
San Francisco,Drama,2015,2010,tt3713030,I Am Michael,2015-01-29,0,0,0,5.8
San Francisco,Drama,2015,2010,tt2080374,Steve Jobs,2015-10-09,4441873,30000000,34441873,6.8
San Francisco,History,2015,2010,tt2080374,Steve Jobs,2015-10-09,4441873,30000000,34441873,6.8
San Francisco,Drama,2015,2010,tt3018528,Quitters,2015-03-16,0,0,0,5.7
San Francisco,Comedy,2015,2010,tt3018528,Quitters,2015-03-16,0,0,0,5.7
San Francisco,Science Fiction,2018,2010,tt1270797,Venom,2018-09-28,739013954,116000000,855013954,6.7
San Francisco,Action,2018,2010,tt1270797,Venom,2018-09-28,739013954,116000000,855013954,6.7
San Francisco,Action,2018,2010,tt5095030,Ant-Man and the Wasp,2018-07-04,482674139,140000000,622674139,7.0
San Francisco,Adventure,2018,2010,tt5095030,Ant-Man and the Wasp,2018-07-04,482674139,140000000,622674139,7.0
San Francisco,Science Fiction,2018,2010,tt5095030,Ant-Man and the Wasp,2018-07-04,482674139,140000000,622674139,7.0
San Francisco,Comedy,2018,2010,tt5095030,Ant-Man and the Wasp,2018-07-04,482674139,140000000,622674139,7.0
San Francisco,Comedy,2016,2010,tt4572984,Pushing Dead,2016-09-29,0,0,0,7.0
San Francisco,Drama,2016,2010,tt4572984,Pushing Dead,2016-09-29,0,0,0,7.0
San Francisco,Drama,2004,2000,tt0386284,American Yearbook,2004-06-01,0,0,0,6.0
San Francisco,Thriller,2004,2000,tt0386284,American Yearbook,2004-06-01,0,0,0,6.0
San Francisco,Drama,2018,2010,tt1226837,Beautiful Boy,2018-10-12,-17350027,25000000,7649973,7.5
San Francisco,Drama,2006,2000,tt1458629,The Bridge,2006-01-01,0,0,0,5.0
San Francisco,Romance,2019,2010,tt7374948,Always Be My Maybe,2019-05-31,0,0,0,6.6
San Francisco,Comedy,2019,2010,tt7374948,Always Be My Maybe,2019-05-31,0,0,0,6.6
San Francisco,Drama,2019,2010,tt4353250,The Last Black Man in San Francisco,2019-06-07,2975184,0,2975184,7.4
San Francisco,Comedy,2018,2010,tt7241800,Bitter Melon,2018-05-12,0,0,0,6.0
San Francisco,Crime,2018,2010,tt7241800,Bitter Melon,2018-05-12,0,0,0,6.0
